Robot,Mean,Std,Min,Max
Digit,0.7955241143414857,0.010740705129909479,0.7586340124392777,0.8257528995856706
G1_EDU,0.4891721683004207,0.01637283117996438,0.4357251972917483,0.5337412460894622
Pepper,0.3976293889130628,0.01769354447063265,0.3472962423206929,0.4473688309451294
