Robot,Mean,Std,Min,Max
Digit,0.7955241143414857,0.010740705129909474,0.7586340124392779,0.8257528995856706
G1_EDU,0.4891721683004207,0.01637283117996438,0.4357251972917483,0.5337412460894622
Pepper,0.3976293889130627,0.017693544470632643,0.34729624232069284,0.44736883094512936
