Robot,Overall,Physical,Sensing and Perception,Data Processing,Middleware,Decision-Making,Application,Social Interface
Digit,0.7951103168981526,0.06367533185840707,0.15388637306415928,0.15908894496681414,0.2261105427699806,0.354131377903761,0.2803328522538717,0.09460017111449115
G1_EDU,0.4892895160514894,0.06523091814159292,0.06225801991150442,0.08600231609513274,0.12467159845132741,0.062223451327433635,0.16727737831858408,0.07017422566371681
Pepper,0.3986835648528242,0.015210176991150442,0.011200221238938051,0.054618362831858405,0.04424778761061946,0.0,0.23591006118639377,0.08775667173672566
